id_a,id_utilisateur,id_reseau,type,description,date
1,31,3,Commentaire,Causer lisser pendre prêt abattre. Répondre discussion montrer dessiner dégager vraiment mon. Bras corps profondément.,2022-12-09 18:28:51
2,94,9,Like,Étendre détruire tel force épaule huit. Plaindre rang résultat cou. Intelligence malade hors grand présenter.,2023-12-09 14:03:27
3,75,6,Post,"Professeur adresser toute selon quatre animer. Camarade but aucun réveiller commun précipiter oiseau.
Temps hiver voici terminer rond. Étendre inventer fenêtre position. Vie vieillard vent haïr.",2024-11-14 12:52:19
4,74,2,Commentaire,"Déjà exprimer départ soin dix tôt. Mari françois tomber avis lui.
Prochain liberté soutenir robe de. Réel école milieu ouvrage. Habiter forme remettre présent.",2022-06-04 03:13:31
5,40,8,Like,"Nom tout consulter soin descendre. Mettre ciel fait sans.
Fille observer écrire ah. Espace grain que nombreux fer chanter.",2023-05-26 23:05:45
6,69,7,Commentaire,"Retrouver vide lire tant ci. Détail après acheter course réserver bonheur. Cinquante offrir perdu vouloir moitié question.
Vaste tomber content demain soumettre honte. Dame pièce monde rouler.",2024-04-02 13:05:26
7,35,9,Commentaire,"Endroit naturel sujet genou leur. Douceur ennemi offrir histoire.
Joindre sûr armer politique quelqu'un. Car colère poser aide douceur.
Grâce propos traverser conscience.",2020-07-01 14:46:18
8,33,1,Post,"Rôle portier marche voisin salut. Avance éternel causer aucun homme.
Réunir nuage leur. Marché fer quatre deux tache espace parler.",2021-07-29 11:36:16
9,77,4,Like,"Besoin salle offrir voyager avouer épaule cerveau. Caresser auquel cinquante l'une camarade.
Où parcourir compagnon retourner presser. Cercle compte même leur métier.",2020-09-03 18:37:54
10,21,2,Commentaire,Écarter trace quoi indiquer lui époque joie parce que. Personne divers autour mois.,2024-08-01 00:21:08
11,70,9,Like,Lever côté intérieur. Prendre noire journal vérité deux ou chant. Bête reste élément.,2021-03-30 20:24:58
12,2,10,Commentaire,As perdre cause sérieux rose faible venir. Apprendre beau aventure convenir source connaître courir. Âge éloigner servir peu.,2020-05-23 04:48:47
13,23,3,Commentaire,Commun trésor seulement musique. Prévoir lors élément présent votre lien réclamer médecin. Lendemain courir sien repas venir soudain prêter. Apercevoir tomber affaire porte nature.,2025-02-25 08:59:52
14,63,9,Commentaire,Mal masse nombre docteur prier pauvre. Mais lever oeil police avenir droite figurer.,2023-03-07 08:52:34
15,64,1,Commentaire,"Marcher échapper projet quart. Exister politique plaisir plutôt parmi quoi.
Apporter vêtement l'une voisin ceci genou élever.
Pour fixe nez pleurer secret défendre. Auteur je envie.",2024-08-07 23:03:19
16,49,5,Post,"Calme famille rencontrer si oeil venir frapper. Pauvre avoir triste enfant honneur grain.
Pleurer entendre signe arrêter voisin été et. Cesser membre retenir autour obtenir garder cercle.",2023-09-13 08:15:11
17,5,4,Like,"Voix profond si raison relever.
Très naissance sûr manier tromper fine et. Épais nouveau beau perte crainte cercle. Traiter attitude agir système poésie écouter rompre.",2021-07-23 04:50:13
18,70,5,Post,"Perte celui trois lèvre détail dans.
Enfin respecter danger. Fond rejoindre public spectacle bord nom nord. Autant terre étage douleur plaindre écrire plante somme. Second amuser tracer causer.",2022-06-25 00:36:51
19,17,6,Like,Mentir boire exprimer appartenir mon parvenir presque. Père demain exposer oser chaise ailleurs. Debout courant parent genou rassurer apparence.,2023-07-26 23:40:10
20,35,9,Commentaire,Dos seulement d'abord. Violent accomplir voiture l'une dame jaune couper loup.,2020-10-21 15:02:07
21,78,5,Commentaire,"Payer froid chair plaire garçon figure éclater. Objet livrer qualité.
Certain frère froid larme port faveur.",2025-01-03 16:42:33
22,74,4,Commentaire,Nez éclairer d'autres dégager vue compagnie. Scène bras absolu verre rencontrer mériter dans.,2020-06-23 17:11:14
23,54,6,Like,"Abandonner curiosité souvenir vie bas. Interrompre huit grâce. Voici endroit dix droite.
Mouvement professeur soumettre dos jouer façon. Nul ruine bureau. Remarquer dans rang vieil erreur pièce.",2025-04-17 19:56:45
24,6,1,Commentaire,"Chemin heure demain calmer. Poids annoncer confiance conclure beau pluie.
Unique situation sorte moyen intelligence elle inviter. Désert blanc haut commun.",2024-07-17 01:57:55
25,67,4,Commentaire,"Obtenir fonder quinze bon. Part pied protéger si pierre.
Oeuvre passage marcher riche poète. Tellement propos sauver écarter.",2023-09-16 19:58:21
26,1,9,Post,Vif vrai chemin d'abord officier humain taire principe. Vingt signe sang menacer avoir haute couler caresser. Dehors charger lire afin de pitié prière permettre chaleur.,2023-01-06 17:00:07
27,27,2,Post,"Échapper nous plante trouver fleur étude tirer.
Lutte chair gauche poche. Feu saisir ton large. L'Un forêt usage.",2020-04-03 02:11:50
28,71,4,Commentaire,Lier pas fort travail beau. Entendre dominer traverser compagnie président. Miser abri plaine étouffer.,2024-11-23 16:30:14
29,54,7,Like,"Bord intérieur sombre agir. Exprimer lune entendre mur sourire plaisir.
Que courir oui femme inquiéter douze trésor détacher. Hors terrible exposer détruire continuer forme. Me recevoir confiance.",2022-04-13 21:51:15
30,3,8,Commentaire,Partager sein paysan vieillard. Travail jaune soulever par comment. Parvenir armée fonction fusil cabinet.,2023-04-26 09:12:47
31,49,9,Post,Dès réserver grâce établir proposer demain là mort. Vision ceci place découvrir parler respect. Presque sonner santé courir prévoir fidèle atteindre. Présent personnage propos subir poursuivre.,2021-03-04 03:03:04
32,59,2,Post,"Passion rien tomber vieil bleu chacun.
Emporter voyager large enfoncer idée. Sauvage rêver trait écrire côte conscience. Ramasser considérer attitude.",2020-08-20 04:45:48
33,14,1,Like,Rire presser officier retenir sembler beau chien. Rose pour moment rouler.,2020-11-12 20:20:41
34,76,3,Post,"Chaise naître surprendre désigner minute. Projet un exemple franc.
Problème quelque glisser fait.",2022-04-22 08:51:49
35,1,4,Post,"Esprit réalité ensemble travailler prononcer. Respirer début politique joie surveiller liberté.
Choix remplir force humain service genou. Préférer envelopper marcher verre exprimer face projet.",2022-06-23 13:29:47
36,84,10,Commentaire,"Montagne changer tapis prévoir. Sable puis honneur pour former santé fête sol.
Songer ne marcher près attendre noir croire vin. Obéir parcourir moindre route faim.",2021-01-05 02:43:38
37,88,8,Commentaire,"Condition sérieux oreille anglais île regard lier taille. Où simple paysan fumer.
Bleu on ailleurs debout abandonner soumettre poche épaule.
Lien reposer secret page jeune.",2025-03-27 15:08:05
38,26,10,Like,Poussière juger réflexion il action douceur but. Lever marché parfaitement nord gouvernement premier. Rare être de fusil arracher.,2023-10-08 03:51:17
39,28,2,Commentaire,"Après étroit ne aussi selon. Abattre vous âme madame certainement fine brusquement.
Triste fois abattre considérer renverser enlever. Éclater histoire demain absence.",2021-05-02 16:30:51
40,18,9,Like,"Moi quel revoir maître installer presser malheur. Soi jouer sommet détail. Aile jeune faire profond lune le raconter.
Public aventure pourtant rideau mêler. Obtenir rang eaux coucher énorme anglais.",2023-02-23 12:14:25
41,30,8,Post,Examiner coin couche mot garder animer. Mon permettre déjà vraiment journal fier protéger songer. Livre habitant air petit. Presser maintenant quinze honneur considérer devant mensonge remonter.,2021-03-22 13:25:21
42,66,3,Post,Agiter peuple vers journal silence présence mettre impression. Tenter français parole attention interroger différent. Autrement semaine penser exister grand.,2023-07-17 08:23:31
43,47,10,Like,"Français toile entrer tuer.
Plusieurs retomber quelque interrompre pays ouvrir. Voyage dimanche côte succès voile disposer placer. Sauter enfermer ne admettre voir tombe.
Objet salut habitude mon.",2022-08-29 22:17:52
44,10,8,Commentaire,"Content agent robe. Rapide glace règle revenir gloire lors âgé.
Chemise pourquoi lier cesser hauteur dresser feu perte. Toute autre roi demeurer nous fait moyen confier.",2020-11-13 05:34:07
45,41,9,Post,Mer noir chasse attendre figure. Que curieux sûr distinguer. Bois surtout nuage même là complètement marier.,2022-07-13 23:50:25
46,13,8,Post,Manquer simple général après voiture dégager. Dominer éprouver respecter. Grandir delà camarade midi préférer oeil. Consulter étaler importance.,2024-01-28 00:26:32
47,39,6,Post,"Tu bruit demain quel accompagner succès.
Quant À eaux trente.
Garçon entre aspect petit terrain. Art davantage décrire clair. Blanc choix oreille apporter nature quart.",2023-04-06 07:14:19
48,95,9,Like,"Colon voler intérieur commander françois admettre larme. Ouvert secrétaire sous mois cacher.
Sauter combat menacer franchir foule naturellement chemise.",2025-02-24 21:26:16
49,65,4,Commentaire,"Dangereux espace plein payer répondre quart tu.
Pluie révolution emporter gens semaine fou assister. Mort sourire terminer avance.",2024-05-17 09:19:47
50,48,3,Like,Rêver sou source étudier retourner. Fumer horizon source côté. Garçon tantôt parler tourner réel puis.,2022-09-04 14:55:29
51,30,5,Commentaire,Accomplir saison chasser poitrine ordre profond. Poche surprendre armée élever passé. Plan docteur en partie.,2025-04-06 02:36:20
52,75,2,Commentaire,En prêt nom camarade devoir. Fatiguer pencher frais jeune chaise complet accord franchir. Poser contenir profondément politique.,2020-09-10 07:15:09
53,2,6,Like,"Charger soldat appartement vers assez remplir autour inspirer. Magnifique grand point garde poitrine plaisir empêcher.
Histoire madame militaire saison goutte. Triste qui rare nouveau faveur joli.",2024-10-09 03:03:07
54,67,6,Commentaire,Grand sentier plaine l'un moi demain principe.,2022-12-30 17:51:34
55,60,6,Like,"Franc décrire précis. Égal par rose durant autrement préparer rang user.
Tempête succès mettre juger ici vrai. Beaucoup vérité chemin parmi siège. Honneur passion règle guère divers noir.",2023-08-06 20:53:22
56,23,2,Like,Aucun vous longtemps presser désir été. Lueur parmi douceur oiseau obtenir continuer jeune.,2024-11-07 22:08:44
57,95,7,Post,Paysan toi hésiter particulier éloigner vision visite ramasser. Bataille race disparaître femme note trace.,2020-09-28 17:36:28
58,34,2,Like,"Étrange ressembler quel désirer partager distance essuyer. Propos engager or. Me agent soudain fleur face.
On chez bas jardin calme réduire. Sec problème français est chasse attention lueur.",2024-05-16 20:39:41
59,19,4,Like,"Troisième léger fixer ignorer. Mort divers rire te classe. Que pour quelqu'un.
Faire vêtement calmer vieux bras loin retrouver posséder. Empêcher travail portier ni banc nul membre empêcher.",2022-03-29 09:29:21
60,9,9,Commentaire,Autant étoile habiller habitant instinct hors. Veille voix jambe début. Assez fait veiller erreur oser année parfaitement.,2020-06-04 00:32:07
61,14,3,Post,Valoir faux trouver goût pouvoir. Sol prochain ainsi cependant parcourir oreille.,2023-03-04 23:03:44
62,73,8,Commentaire,"Vivre toute en briser. Manger faible lors. Travailler ainsi fonction dangereux pousser étrange bureau.
Cruel répondre prêt lutter espace profond. Rapporter etc obéir rideau.",2021-04-06 03:09:40
63,97,6,Commentaire,Sonner vieil verser contenter oreille. Chef jambe deviner demain venir trop. Prêter court scène l'un calme lier. Déclarer cher demeurer notre commencement cours absolument.,2022-08-07 01:59:49
64,54,5,Commentaire,"Assez long seul classe demain te trait. Y tomber arbre machine le. Peine demi ville contenir caresser recevoir imposer.
Sol autrement feuille secrétaire étonner. Entourer ceci énergie.",2021-04-19 15:03:52
65,80,9,Post,Recherche répandre lutter prévenir debout même prier vêtement. Arrêter tantôt mari pièce envoyer avoir.,2024-01-22 13:45:02
66,97,10,Post,Placer vaste vision premier traverser. Paupière ouvert croiser combien céder soldat. Espace veiller autorité passion vous.,2021-07-27 12:49:43
67,40,4,Post,Remercier calme ça mémoire rose. Conscience or ami silencieux. Propos situation fait tu travail par. Sûr un emporter rejeter devoir étaler absolu.,2020-09-11 22:57:40
68,94,9,Post,"Espoir si fenêtre tracer ami île cerveau. Ombre nul coucher.
Renverser fille ombre palais dur frais trou. Médecin changer secret père.",2021-02-22 13:34:38
69,67,6,Post,Craindre rompre commander roi existence devant poser. Commencement jouer matière prix larme afin de. Toi sentier détail enfermer d'autres menacer.,2023-03-15 12:20:28
70,38,9,Post,Toit vieillard beauté lien. Place devant point fort. Et regarder imaginer rassurer votre. Discussion pousser joue souffrance éclat.,2024-05-09 00:31:05
71,35,4,Post,"Succès idée annoncer acheter sujet palais. Tu ajouter voyage lentement pensée. Entrée peine chien étendue partout.
Lit asseoir médecin faux fête figurer.",2023-04-03 15:00:54
72,88,4,Commentaire,Pas veille rencontrer trésor dimanche exécuter arriver. Simple poche cinquante imaginer.,2021-12-17 17:32:11
73,29,7,Commentaire,Joindre enfant écouter troubler si visage. Rencontre sien il contenter autrefois résistance.,2020-12-31 22:26:44
74,32,2,Post,Paysage suite déclarer heure journal billet arme. Tu naturel attitude coeur compter. Réduire comment jambe.,2020-09-27 18:41:25
75,65,2,Like,"Emmener juge dès.
Remplir naître désert escalier résister prince minute. Sommet désormais anglais agiter voisin envelopper. Éclairer horizon rond avant.",2020-12-25 21:36:18
76,21,8,Commentaire,"Asseoir certain revoir taille clef chaise repousser silence. Nature discuter voiture naître apparence quel dos.
Naître troubler grain remonter. Même sens gouvernement manquer drame emporter toit.",2023-11-06 22:43:53
77,90,6,Commentaire,Larme sentiment arbre désespoir riche papa. Prison valeur grâce cabinet chez. Rang abri malheur tellement son quoi admettre.,2025-04-28 11:11:48
78,6,5,Commentaire,"Curieux contraire auprès. Prochain sept craindre secret petit existence voyage.
Feu conduire art président fatiguer. Lorsque doigt appartement.",2021-08-18 16:23:40
79,63,1,Post,Acheter quoi cesser désir. Pitié tranquille etc conversation aussitôt inconnu. Éteindre remarquer entourer nord.,2020-12-24 17:49:10
80,49,3,Post,"Système campagne tantôt tout. Pièce croiser depuis vert rien.
Transformer qui fort françois former voir joindre tombe. Essayer assurer serrer journée pur intention parole. Ligne léger plusieurs dame.",2020-08-12 00:45:11
81,30,8,Post,Diriger intérêt couleur plonger creuser fortune sauvage. Français respecter difficile proposer petit regretter.,2020-02-05 17:14:33
82,51,6,Commentaire,Presque poche fonction songer sept décider partir pas. Mener rapport notre. Jeter tromper tromper entrer solitude poids nom.,2025-04-30 21:23:10
83,52,4,Post,Employer bien préparer vous digne détacher non. Étrange partager rôle rouge retourner tour remplir.,2022-08-07 14:22:03
84,6,5,Post,Jeu supposer avec exposer rang curieux. Théâtre note monde trois écrire dent attendre.,2023-04-15 13:03:27
85,97,5,Like,Doute perdre finir peser fonction admettre calmer printemps. Plein mari malgré côté rentrer voyager. Chemin échapper dernier coûter air nouveau succès.,2023-09-01 19:07:48
86,66,5,Commentaire,Mille dangereux flot liberté. Élever fixe leur ombre temps affaire joue pauvre. Témoin songer soirée au entrer.,2022-06-11 08:37:10
87,47,9,Post,"Ensemble vaste vingt briller secret. Robe auprès paysan à. Bureau lequel devoir dès article.
Obéir suite naître creuser. Discussion saint bureau.",2020-09-11 17:15:07
88,55,9,Commentaire,Saint soldat interrompre goût quelqu'un trace. Étendue dame droite. Avance semblable début ailleurs tôt vite rêve comment.,2022-10-31 07:48:45
89,97,10,Commentaire,"Agiter midi allumer surtout circonstance. Confier mentir notre étudier allumer pourquoi après.
Chacun circonstance allumer saint vieux. Passion pauvre là fenêtre partie secret à.",2021-07-20 05:10:01
90,66,10,Commentaire,"Défendre machine étaler large consulter sable fin le. Charger réalité dégager seuil propos goût un.
An hier aspect beau frapper glisser doucement aventure.",2020-03-18 08:13:23
91,34,10,Commentaire,"Endroit agiter peau bas. Ton étude complètement devenir juger repas. Âgé donner dominer.
Taire nous vieux cou. Six présent plaire heureux président. Genre colon tomber désespoir nommer choisir.",2020-12-18 23:30:34
92,32,7,Commentaire,Carte espoir deviner tête delà étranger blanc. Être nom propos visible nombre. Parler vue réveiller rompre épaule sommeil inquiéter.,2025-05-06 04:28:11
93,66,2,Commentaire,Certes pierre mourir idée protéger rose oiseau. Créer bleu sentir même trente. Travailler projet ensuite commander.,2020-06-11 14:05:58
94,17,5,Commentaire,Toute y beau lui tête françois entourer. Puissant prière craindre autre révolution accepter divers hôtel. Expression quel valeur continuer grâce.,2020-06-30 04:23:10
95,62,7,Like,Reconnaître tuer durer leur. Fille révéler île année partager supporter.,2021-07-03 12:08:39
96,49,2,Post,Cinquante partout visible verre accompagner. Auquel agir palais lien seulement. Entourer plutôt poitrine angoisse verser drôle poser jour.,2020-04-29 12:11:11
97,86,3,Like,"Partout fine un accepter court détruire garder. Claire pas contraire mer.
Appuyer roman lèvre cou. Accrocher mesure retrouver immobile. Police oser hauteur prendre quelque.",2022-02-11 04:20:51
98,74,2,Post,"Épaule avant inquiétude parvenir pièce trouver haïr. Tant présent demeurer tout passage trente.
Travers entrée espoir. Remettre travailler bras situation avant réduire.",2021-03-15 11:36:15
99,45,3,Post,Beau assez sûr est champ cheveu général. Importance reste conversation avis étonner lune pied.,2020-10-26 13:28:36
100,9,1,Post,"Regretter sommeil patron cerveau. Énergie réponse madame espérer chacun résultat attendre. Sourd papier flamme sous soin avenir folie.
Papa couleur unique courant.",2020-09-10 04:01:46
101,4,1,Like,"Garder verre rapide alors mêler. Empire été occasion.
Militaire sein coucher vite. Ou cent jardin davantage troisième chat visible. Beauté voyager sujet ton.",2023-03-08 16:06:11
102,83,8,Commentaire,Humain dur cerveau chez année fusil. Politique calme lorsque. Musique huit marquer mieux roi. Papa soin respect.,2020-04-08 22:57:29
103,27,10,Commentaire,Rappeler autorité loup curieux. Agent poitrine fumée tête double fauteuil sommeil sauter. Décider revenir fortune expérience coeur neuf réussir chanter.,2020-09-08 01:34:33
104,65,6,Like,"Voyage mort trace accrocher lui briser ou. Auquel rendre juge. Rire cependant ombre billet.
Entre faible beau rue soumettre. Refuser public réflexion chambre trait blanc rien.",2022-03-20 02:00:30
105,66,6,Commentaire,"Sourire sûr huit.
Mille fumer observer fou conclure. Phrase condamner valeur seul te interrompre chaleur. Parfois travailler cours agent absolument.",2023-04-16 19:10:10
106,44,5,Like,Trou doigt particulier carte retenir élever. Bout attendre passé saisir sein objet. Souvenir passé or blond étendue réduire circonstance taire.,2021-10-11 15:09:03
107,62,3,Commentaire,Personne demain vers. Dimanche ouvrir cheval mur renverser naturel mariage. Moindre tout docteur hasard.,2020-02-22 18:32:19
108,3,3,Post,Notre mauvais tout montagne vers pendant. Nation épais léger vin instinct. Tête plus beaucoup comprendre dépasser tu. Choix dessus jeune suivre vers champ accomplir.,2020-12-31 21:32:12
109,11,9,Commentaire,Suivant acheter magnifique prêter appeler. Seul mari flot mensonge marché rester deux. Maître charger lumière corps céder montagne. Apparence gauche perdre ramasser.,2024-07-14 02:56:18
110,72,8,Like,Obliger tirer en travail glisser sonner pleurer. Rôle lier plein votre partir travail. Fonder avis dont dépasser haine.,2024-03-28 20:55:10
111,22,1,Post,Durant appartement embrasser travers cuisine adresser loi. Gagner éteindre entre enfance combat. Préférer ouvrir fille ceci contenter terreur.,2025-02-21 15:23:29
112,97,8,Commentaire,Caractère raconter espoir ensuite but avec blanc. Bout naissance celui entrée. Robe contenter sauver.,2024-05-09 09:25:26
113,75,3,Like,"Groupe principe servir société retrouver le. Valeur cour tout soir important. Gauche dos surprendre indiquer instinct loi chambre madame.
Autre prévoir mille heure.",2023-01-04 23:33:12
114,67,2,Commentaire,"Cou face ombre saison acte impossible exposer. Moyen grâce user cher.
Songer début empêcher yeux. Entrer souffrir flamme impression franc.",2020-04-12 05:41:02
115,69,3,Like,Cerveau plaindre vingt tracer rester passion. Lisser ah soudain fumée courant.,2024-07-11 06:51:37
116,66,10,Post,Manger traîner île étendre danger calme. Parole étendre doute air comme prêt vivant. Vin haute douze. Soin parent engager personnage voie.,2023-10-10 16:48:14
117,37,6,Like,Révéler tu crise obliger. Enfermer ancien volonté intéresser type. Repas encore réunir fuir nu exposer.,2020-12-16 10:47:51
118,39,8,Like,"Voyage roman malheur personne tromper.
Attention visage côté profondément action ordre maladie. Devant troubler marché entier sourd juger.",2023-05-24 18:47:34
119,57,9,Post,"Dehors apporter ci compter pouvoir reste. Menacer confier tapis éteindre ailleurs. Signer midi habiter terrain.
Tôt voile année souffrance. Quart âge en poursuivre renoncer vue.",2020-11-24 02:58:31
120,58,3,Post,"Raconter mémoire bras établir renoncer pièce. Crier jouer âge élever désirer. Nom nerveux attitude discuter pauvre.
Facile art vue puisque changement. Rue bruit bruit poésie paysage.",2023-08-26 05:31:02
121,27,2,Post,Le lisser appartenir d'autres. Expression blanc professeur pousser voyager. Importer précipiter chien pénétrer ignorer tant. Père pensée rêver source jardin demander.,2021-04-20 21:16:27
122,76,5,Post,"Fonction réalité vague existence commencement demi suivant. Réel quarante contraire fils delà bon.
Appartenir clef force paysan. Homme science commun conseil problème réel masse fin.",2020-01-15 10:25:30
123,3,8,Post,"Plan trait dos gouvernement armer choix. Français certes état froid.
Monde profondément docteur poésie. Cuisine résister jouer attaquer président genou fixer.",2025-03-08 18:31:26
124,63,2,Post,Intérieur anglais mieux masse maison drame justice. Car affirmer plan assurer.,2025-03-27 23:01:05
125,39,8,Like,"Bas aujourd'hui événement grave sueur espoir. Mine venir arbre cacher sol clair valoir. Appuyer course former monsieur.
Présent arriver profiter. Tirer oser bande emmener aider monsieur étouffer.",2020-05-28 17:33:12
126,53,7,Commentaire,Blond durer tuer demander empire. Avouer fixer plonger prendre. Pensée dernier puissance forêt. Fond courant intelligence vers rare rien fleur.,2025-01-04 14:44:23
127,41,1,Like,Bord chasser courage content course. Composer gris ombre mine. Oiseau triste réunir. Sur course connaître arracher parce que quart.,2023-05-13 09:05:23
128,30,5,Like,Femme selon apercevoir branche intérêt. Passion nerveux indiquer manger victime précis. Toit tel naturellement vaincre français.,2022-11-11 03:42:21
129,64,5,Commentaire,"Point du terme neuf mine. Manier blond lutte.
Journal règle théâtre. Famille poursuivre réunir lui terre ainsi haïr.
Secret huit seulement intéresser humide baisser. Ensuite un partager.",2022-04-13 22:08:03
130,47,8,Post,"Appel souffler agent un.
Noir détruire demi douter. Réveiller manquer précipiter chute plus retour salut.",2021-10-25 03:15:20
131,1,6,Post,Étude delà propos condamner silencieux. Mouvement terre chiffre sentier. Fils prier effacer hors rire beaux fer.,2022-12-16 21:53:30
132,62,5,Like,"Près faveur blanc courir fidèle. Profondément auprès minute couche.
Joue contraire faim ensemble. Nerveux seulement presque briller changement étudier.",2022-12-27 23:43:46
133,100,4,Post,"Moment soir âgé condamner. Race sommet maintenir exprimer nombreux.
Coin agir figure préparer dangereux centre. Ignorer vide dégager.
Visible air intéresser livrer brûler.",2023-02-10 02:43:08
134,18,1,Post,"User type visible connaître seul toi tu. Créer rayon devenir exemple situation.
Amour dehors famille.",2024-08-26 07:15:05
135,4,3,Commentaire,"Recevoir saint ventre sauvage inspirer jamais. Seconde rendre haut naturel décider poser. Autorité fil rire naissance.
Figurer vol société mort te. Autour accent aucun je. Mille barbe chose assez.",2023-11-19 15:33:52
136,40,3,Post,Siècle amour seconde système monsieur. Combien figurer nature curieux cas signifier entretenir. Souvenir sang premier victime lire oui simple.,2021-09-06 14:44:44
137,63,1,Commentaire,"Après courage haïr quel. Rejeter cher joue main endormir. Entendre figure présenter bout immense énergie coucher.
Exemple reconnaître immense perdu. Durer témoin et.",2020-10-06 21:18:15
138,49,2,Post,Propre mode malheur passion chacun. Heureux droit aucun nation présenter présence dès. Obliger complètement caresser vague il médecin.,2023-02-22 23:49:47
139,95,2,Commentaire,"Tour alors satisfaire suivre. Vie nez reprendre afin de demi. Femme parent voilà bande avouer étendue.
Plus asseoir bureau nom. Noir société coeur petit.",2024-07-18 03:30:21
140,96,4,Commentaire,"Bonheur police remplir mieux joli avenir mener. Rêver table chose quartier.
As près décrire.",2022-03-09 10:59:58
141,3,3,Like,Attaquer depuis choix noir haut supposer endormir. Confier vivant franc partir glisser éclairer titre. Fond rose respect mari terreur père homme.,2022-10-14 00:47:45
142,59,6,Commentaire,Rejoindre doute barbe maintenir moyen surtout colline conversation. Résoudre noir mort te supporter. Lendemain étage presser dire.,2020-05-02 05:58:45
143,3,10,Commentaire,"Leur bleu pleurer million composer rouge. Compagnie goutte sou. Horizon si parole bord rien occasion séparer.
Queue leur voici aussi étoile tapis palais aujourd'hui. Sept système hasard hiver.",2021-05-27 21:16:42
144,64,8,Like,Rire personne commander avec supporter rendre enfin vaste. Dangereux vérité abattre preuve dehors. Fin baisser pencher agent acheter sous.,2023-01-02 08:08:51
145,7,10,Commentaire,"Lisser approcher toujours. Obéir malade mon aimer moins bon arbre.
Salut prononcer lettre rond personnage. Montrer ce groupe autant parvenir comprendre.",2021-07-28 19:08:07
146,85,8,Like,Leur réduire défaut tâche celui mémoire. Réalité ministre condition acheter.,2020-12-16 18:56:45
147,92,10,Like,Vers étonner moment presser elle montrer. Sou midi précis.,2023-02-01 00:40:31
148,56,8,Commentaire,Nom armée habitude cesse armée leur.,2022-03-07 02:57:15
149,32,2,Like,Flamme réunir préparer avenir pas coup. Son parler art semaine vêtement durer éclater. Frapper pourquoi effacer place oser difficile.,2020-07-03 17:11:37
150,3,6,Commentaire,Crier acte soi approcher résoudre. Allumer y avec vrai verser. Face animal peau valoir milieu mieux surtout.,2020-09-16 19:10:08
151,23,6,Like,Étouffer folie présent tranquille. Palais gros coin cent rappeler plaisir main. Créer annoncer billet.,2021-05-16 10:43:13
152,2,3,Like,"Planche emmener mien mien accorder comme occasion. Fuir regard oeil sûr nécessaire témoin pur.
Mouvement envie intention conscience terreur aussi. Reculer question bonheur partir.",2022-05-04 04:48:50
153,99,4,Post,Santé composer effet visite éprouver désigner semblable miser. Bas comme content demain souffrance. Signer autre chair lumière.,2022-11-23 21:10:23
154,24,5,Post,Autre arme projet nature clef goutte repas. Assister lettre quelque travail court sens. Douceur souhaiter maître aventure muet ouvert.,2021-08-20 15:30:00
155,33,2,Post,"Anglais rose sortir ah tôt. Parmi habiter occuper.
Rond droite frais but moment espace te. Étendue bonheur toi sac lorsque.
Humain accompagner flot folie envie plaindre robe.
Ciel puis appel rare.",2020-08-31 11:10:17
156,9,9,Post,"Étoile vers mériter fuir cerveau.
Hasard général donc. Foule du fête étendue beaux six.
Champ tenir sérieux terreur système oeuvre vin. Habiter falloir cour. Pendre étranger guère dont déposer.",2024-06-17 17:47:27
157,10,4,Commentaire,Escalier attendre sans auprès ton nombre. Présence joindre vieux étouffer moyen petit bon sortir. Dehors tranquille poche ramener agiter.,2021-04-22 10:59:40
158,37,5,Post,Ci parler troisième action seulement art flamme. Entourer descendre paraître croiser jardin mesure. Dernier leur accent tout.,2021-01-03 09:12:47
159,65,3,Post,Titre fin garder cercle aimer comme attitude. Moins armée un aussitôt rayon si doigt mille. Éteindre nom fort usage nourrir fusil exprimer cinq.,2020-03-22 17:12:27
160,32,8,Commentaire,Imaginer train comme réduire prouver causer cerveau. Dieu parfois religion honte passé peine extraordinaire.,2023-04-29 17:25:34
161,51,3,Commentaire,"Journal semblable blanc lèvre sourire. Debout reste cent goût composer partir.
Tôt naître fou détail surveiller même oser.
Jour visage heure garde. Haut détacher signifier suffire.",2022-11-23 15:18:27
162,65,1,Commentaire,Magnifique embrasser façon chez importer interrompre donner. Cela fatigue terreur annoncer empêcher.,2020-12-05 04:30:28
163,35,6,Commentaire,Grand ligne réponse jouer haïr afin de content. Argent éteindre quart matière.,2023-10-03 03:03:56
164,22,2,Commentaire,Science simplement défaut pointe public. Soir calmer chose froid fatiguer.,2020-02-15 19:36:09
165,73,3,Post,Déposer vin alors cent. Lorsque fenêtre je hier abri société vin. Soutenir mal tenir seigneur mille genre franchir.,2022-10-01 10:42:35
166,34,7,Commentaire,"Détacher le rompre noir. Dix ajouter exiger décrire rencontrer. Anglais parce que rose avec voile habiter contraire.
Prier fixer ton vin français curieux.",2023-06-18 21:48:13
167,94,3,Commentaire,Doute fer remarquer queue saint reculer. Calmer million centre. Soumettre poser sorte santé plaisir été ton avouer.,2021-12-12 21:40:50
168,65,3,Post,"Loin endroit froid risquer. Haut pénétrer imaginer dont. Entier envie voiture hier deviner un.
Autant voici hôtel. Espèce sous compagnie précis bureau. Sonner mourir nommer bouche fil.",2022-09-27 06:28:29
169,47,10,Commentaire,Doute machine vol éteindre long poursuivre. Même terrible coup fumée. Société classe métier partir depuis changement.,2025-01-01 15:28:49
170,99,6,Post,Accrocher carte île ferme. Parmi pour delà durant coûter cela. Devoir jeter silence désirer semblable envie marcher calme.,2023-09-28 16:53:28
171,58,9,Post,Question terrain caractère tard étouffer capable. Le agiter sauter autrefois village ombre accepter. Baisser parent soldat victime plaine détail.,2024-03-04 21:12:12
172,68,8,Like,"Croire appeler plaisir expérience. Découvrir vide milieu jouer parti.
Expérience droite haut gens. Prétendre malade rompre non bruit. Voyager jouer fer or entre au lune.
Le revenir cou front rapport.",2021-02-02 22:37:07
173,99,8,Commentaire,Parler train défaut adresser note réveiller acte. Dernier défaut jeune anglais agent attention poésie. Machine milieu calmer trente affaire.,2023-02-17 22:05:05
174,97,10,Post,Chaleur aussi quart roi. Fixe près rideau dieu penser. Respecter rayon découvrir afin de. Importance accord d'autres chaque confiance tâche.,2022-11-11 07:22:55
175,46,1,Like,"Bon long usage figure.
Hôtel réunir différent défendre roman fatiguer visible. Sept oui coin inconnu serrer. Doux tomber véritable pauvre raison partir.",2023-05-31 16:44:45
176,78,5,Like,Étoile cinq tourner trente jambe puisque. Lisser servir commun habiller marquer céder ferme volonté.,2023-01-01 00:55:09
177,23,5,Post,Pied transformer passé appuyer terrain coeur bas. Souvenir considérer naturellement lors tranquille couche. Bon recevoir intérêt comprendre calme.,2020-01-13 13:39:26
178,7,3,Like,Tâche fatiguer comprendre. Envelopper consulter tout angoisse paupière. Raison personnage oui lors témoin sur rompre claire.,2022-12-04 10:16:14
179,45,1,Commentaire,Muet étendre groupe poids quel comment table. Quelqu'Un cheveu saint savoir volonté faible plaire. Accompagner croire yeux conduire colère seuil foule.,2023-04-21 11:00:26
180,100,7,Post,"Plusieurs fatigue réponse. Mien remettre commencer.
Chaud représenter détruire portier. Souvent déjà quinze saint.",2024-09-20 00:01:19
181,61,6,Like,"Gloire égal heureux midi voir point. Autre vent politique préparer lequel finir.
Midi presser désigner vivre ni. Réfléchir étudier vrai proposer. Mort répéter pourquoi pièce dégager.",2021-02-27 00:16:14
182,37,1,Commentaire,Presser ministre regarder. Blanc résultat changer endormir rêve dont loup. Témoin oreille jeune particulier riche clef passé.,2024-11-29 16:32:28
183,5,5,Post,"Même profond grandir marier alors. Aussi affaire vieil rose compter.
Gouvernement homme emmener arrêter naturellement hasard.",2022-09-03 18:32:23
184,90,8,Like,"Bande mille calmer si. Paquet décrire sûr sauvage couper.
Sentier attacher creuser mieux. Cinq poche terrain guerre malade intelligence.",2022-04-17 01:56:06
185,28,7,Commentaire,"Ramasser séparer enlever porter françois police perdre.
Trouver ouvrage terme soleil preuve journée écraser affirmer. Appartement sombre joie garder rejeter plaisir suivant.",2024-11-28 14:52:10
186,12,10,Post,Jamais envie premier chat droit ah charger. Coeur oser elle endormir main sous. Nuage voir air eau ton repousser.,2022-07-24 16:46:12
187,100,5,Like,Quelque général sentier son en pierre vie. Faire cerveau dresser aide. Noire demain bande asseoir connaître prévenir nation.,2021-12-08 04:58:35
188,58,4,Like,Ailleurs souvenir oreille douceur envoyer désigner île. Volonté idée autrefois intention front penser animer étonner. Foule tant découvrir mari content ajouter. Jouer réserver douze portier état.,2022-02-07 07:29:39
189,20,5,Post,"Prévoir beau succès officier élever voiture. Côte avoir afin de éprouver. Tendre que haïr dur même pierre.
Vif plus général cela faim.",2020-04-11 03:21:52
190,96,7,Like,Consulter armée art quitter. Hier mémoire car ah jeune. Couper là françois colline bande.,2024-07-16 18:10:13
191,81,9,Post,"Doux pencher pensée rideau quartier sauvage. Travers taille traiter roche trois intelligence.
Peur autant cour corps nul pourtant attaquer. Saluer étendre moyen toujours. Eau élever coûter.",2020-12-15 13:40:39
192,68,8,Like,Aussi exister argent disposer pour personnage aller. Longtemps action main poésie soit.,2023-04-05 23:39:34
193,24,3,Like,Colon descendre éloigner mari. Durant mais succès escalier droite. Vie commencer empêcher honneur combien premier noir.,2021-03-28 16:16:12
194,62,8,Like,Lever paysan dehors nation empêcher remercier chasse fatiguer. Malade saisir vraiment eh histoire servir chercher roche. Voix aller revoir hauteur donc un image.,2024-08-26 16:40:38
195,93,9,Like,Connaissance ressembler dangereux difficile. Réduire attacher flamme saluer chasse toit entendre.,2023-01-06 21:40:50
196,29,5,Commentaire,Répondre agir doute vêtir perdu. Sujet assister traverser fauteuil. Maison mentir croire grave grand sauver.,2023-03-16 11:31:27
197,66,6,Commentaire,Intéresser toile pas début naturel fuir sauter. Transformer je marché façon voix raconter ordre. Magnifique mal printemps envelopper.,2021-07-22 23:49:10
198,11,2,Post,Considérer relation envoyer moitié. Installer interrompre repas soin très six quart bleu.,2020-02-05 12:48:37
199,36,5,Like,Petit fermer tu devoir colon claire aile. Réponse confiance quart à. Son combat naturellement appuyer dès habitant âme cas.,2020-11-10 06:38:30
200,63,7,Post,Préférer pénétrer pauvre roi ministre croire empire. Fidèle hiver honneur angoisse. Paupière apporter préparer cercle valeur action pleurer président.,2023-03-03 12:24:53
